name,ate_test,pehe_test,ate_mse,pehe_mse,ate_r2,pehe_r2,ate_mixed,pehe_mixed,ate_sl_dt_ate,pehe_sl_dt_ate,ate_sl_dt_pehe,pehe_sl_dt_pehe,ate_sl_lgbm_ate,pehe_sl_lgbm_ate,ate_sl_lgbm_pehe,pehe_sl_lgbm_pehe,ate_sl_cb_ate,pehe_sl_cb_ate,ate_sl_cb_pehe,pehe_sl_cb_pehe,ate_tl_dt_ate,pehe_tl_dt_ate,ate_tl_dt_pehe,pehe_tl_dt_pehe,ate_tl_lgbm_ate,pehe_tl_lgbm_ate,ate_tl_lgbm_pehe,pehe_tl_lgbm_pehe,ate_tl_cb_ate,pehe_tl_cb_ate,ate_tl_cb_pehe,pehe_tl_cb_pehe,ate_rs_dt,pehe_rs_dt,ate_rs_lgbm,pehe_rs_lgbm,ate_rs_cb,pehe_rs_cb
sl_l1,1.136 +/- 2.708,4.414 +/- 7.336,1.227 +/- 2.681,4.426 +/- 7.334,1.241 +/- 2.676,4.428 +/- 7.332,-,-,1.495 +/- 3.782,4.565 +/- 7.770,1.730 +/- 3.781,4.609 +/- 7.793,4.791 +/- 2.711,6.998 +/- 6.783,4.791 +/- 2.711,6.998 +/- 6.783,1.850 +/- 2.532,4.848 +/- 7.142,2.001 +/- 2.482,4.955 +/- 7.092,1.178 +/- 2.700,4.417 +/- 7.338,1.190 +/- 2.695,4.418 +/- 7.337,1.178 +/- 2.700,4.417 +/- 7.338,1.178 +/- 2.700,4.417 +/- 7.338,1.178 +/- 2.700,4.417 +/- 7.338,1.190 +/- 2.695,4.418 +/- 7.337,1.734 +/- 2.583,4.747 +/- 7.199,1.284 +/- 2.664,4.443 +/- 7.326,1.284 +/- 2.664,4.443 +/- 7.326
sl_l2,1.100 +/- 2.658,4.405 +/- 7.317,1.243 +/- 2.723,4.433 +/- 7.347,1.262 +/- 2.780,4.440 +/- 7.367,-,-,1.171 +/- 2.805,4.426 +/- 7.370,1.165 +/- 2.807,4.425 +/- 7.371,1.676 +/- 2.643,4.647 +/- 7.271,1.676 +/- 2.643,4.647 +/- 7.271,1.676 +/- 2.643,4.647 +/- 7.271,1.625 +/- 2.490,4.628 +/- 7.218,1.158 +/- 2.646,4.409 +/- 7.320,1.158 +/- 2.646,4.409 +/- 7.320,1.158 +/- 2.646,4.409 +/- 7.320,1.158 +/- 2.646,4.409 +/- 7.320,1.158 +/- 2.646,4.409 +/- 7.320,1.158 +/- 2.646,4.409 +/- 7.320,1.734 +/- 2.619,4.651 +/- 7.274,1.304 +/- 2.604,4.462 +/- 7.297,1.495 +/- 2.526,4.528 +/- 7.266
sl_dt,0.008 +/- 0.014,2.487 +/- 3.842,0.397 +/- 0.643,3.150 +/- 5.221,0.411 +/- 0.637,3.146 +/- 5.223,-,-,0.722 +/- 1.240,3.517 +/- 5.038,0.422 +/- 0.802,3.577 +/- 5.519,0.459 +/- 0.781,3.766 +/- 5.190,0.407 +/- 0.796,3.641 +/- 5.487,0.469 +/- 0.797,3.553 +/- 4.701,0.418 +/- 0.793,3.589 +/- 5.513,0.497 +/- 0.743,3.036 +/- 4.486,0.431 +/- 0.585,2.927 +/- 4.558,0.532 +/- 0.788,3.295 +/- 4.591,0.231 +/- 0.387,3.219 +/- 5.077,0.449 +/- 0.702,3.087 +/- 4.489,0.412 +/- 0.560,2.911 +/- 4.555,0.465 +/- 0.628,2.909 +/- 4.535,0.554 +/- 0.932,2.993 +/- 4.838,0.522 +/- 0.832,2.926 +/- 4.835
sl_rf,0.043 +/- 0.050,2.153 +/- 3.558,0.269 +/- 0.457,2.179 +/- 3.547,0.267 +/- 0.456,2.206 +/- 3.622,-,-,0.874 +/- 2.168,3.541 +/- 6.527,1.246 +/- 2.946,4.004 +/- 7.190,1.253 +/- 2.943,3.964 +/- 7.204,1.261 +/- 2.940,4.065 +/- 7.169,0.914 +/- 2.155,3.643 +/- 6.492,0.898 +/- 2.092,3.619 +/- 6.281,0.286 +/- 0.450,2.302 +/- 3.508,0.254 +/- 0.466,2.568 +/- 4.068,0.204 +/- 0.354,2.516 +/- 3.928,0.261 +/- 0.354,2.600 +/- 3.820,0.266 +/- 0.459,2.221 +/- 3.534,0.307 +/- 0.468,2.376 +/- 3.562,0.326 +/- 0.447,2.308 +/- 3.592,0.286 +/- 0.451,2.192 +/- 3.550,0.278 +/- 0.460,2.183 +/- 3.554
sl_et,0.106 +/- 0.281,1.911 +/- 3.247,0.241 +/- 0.337,2.027 +/- 3.300,0.239 +/- 0.338,2.025 +/- 3.301,-,-,0.841 +/- 2.236,3.694 +/- 6.593,0.892 +/- 2.431,3.813 +/- 6.756,0.910 +/- 2.424,3.820 +/- 6.736,0.915 +/- 2.424,3.904 +/- 6.718,0.755 +/- 1.961,3.682 +/- 6.347,0.762 +/- 1.998,3.614 +/- 6.167,0.241 +/- 0.368,2.119 +/- 3.172,0.361 +/- 0.576,2.582 +/- 4.456,0.245 +/- 0.385,2.171 +/- 3.442,0.449 +/- 0.780,2.831 +/- 4.432,0.236 +/- 0.371,2.084 +/- 3.178,0.381 +/- 0.618,2.742 +/- 4.576,0.656 +/- 1.495,2.619 +/- 4.940,0.260 +/- 0.361,2.029 +/- 3.216,0.266 +/- 0.358,1.993 +/- 3.219
sl_kr,0.044 +/- 0.081,1.369 +/- 1.675,0.292 +/- 0.279,1.624 +/- 1.786,0.198 +/- 0.128,1.664 +/- 1.870,-,-,1.402 +/- 3.510,4.163 +/- 7.238,1.665 +/- 3.805,4.258 +/- 7.928,4.791 +/- 2.711,6.998 +/- 6.783,4.791 +/- 2.711,6.998 +/- 6.783,1.613 +/- 1.549,3.644 +/- 4.386,1.693 +/- 1.784,4.082 +/- 5.713,0.130 +/- 0.092,1.631 +/- 1.904,0.578 +/- 1.248,2.466 +/- 3.832,0.119 +/- 0.106,1.739 +/- 1.901,0.351 +/- 0.595,2.201 +/- 2.934,0.287 +/- 0.489,2.257 +/- 3.582,0.386 +/- 0.726,2.114 +/- 2.794,1.031 +/- 0.562,2.498 +/- 2.455,0.292 +/- 0.321,1.644 +/- 1.852,0.445 +/- 0.269,1.709 +/- 1.767
sl_cb,0.209 +/- 0.147,1.322 +/- 1.875,0.319 +/- 0.140,1.465 +/- 2.026,0.338 +/- 0.163,1.490 +/- 2.072,-,-,0.799 +/- 1.531,2.086 +/- 3.417,0.757 +/- 1.543,2.046 +/- 3.432,1.317 +/- 1.364,2.541 +/- 3.231,1.317 +/- 1.364,2.541 +/- 3.231,1.317 +/- 1.364,2.541 +/- 3.231,1.317 +/- 1.364,2.541 +/- 3.231,0.230 +/- 0.167,1.397 +/- 2.063,0.439 +/- 0.742,1.901 +/- 3.243,0.239 +/- 0.160,1.417 +/- 2.063,0.485 +/- 0.738,1.994 +/- 3.282,0.239 +/- 0.163,1.388 +/- 2.061,0.439 +/- 0.742,1.901 +/- 3.243,0.946 +/- 0.513,2.057 +/- 2.123,0.345 +/- 0.190,1.537 +/- 2.101,0.562 +/- 0.203,1.697 +/- 1.988
sl_lgbm,0.106 +/- 0.144,1.699 +/- 2.664,0.192 +/- 0.185,1.845 +/- 2.949,0.193 +/- 0.184,1.846 +/- 2.949,-,-,0.205 +/- 0.211,1.821 +/- 2.703,0.192 +/- 0.171,1.776 +/- 2.697,0.187 +/- 0.181,1.805 +/- 2.705,0.194 +/- 0.169,1.779 +/- 2.694,0.187 +/- 0.181,1.805 +/- 2.705,0.193 +/- 0.170,1.782 +/- 2.694,0.274 +/- 0.320,1.869 +/- 2.911,0.188 +/- 0.166,1.791 +/- 2.733,0.274 +/- 0.326,1.854 +/- 2.916,0.203 +/- 0.190,1.815 +/- 2.797,0.276 +/- 0.323,1.869 +/- 2.909,0.195 +/- 0.173,1.812 +/- 2.801,0.205 +/- 0.216,1.784 +/- 2.665,0.192 +/- 0.207,1.782 +/- 2.734,0.192 +/- 0.208,1.780 +/- 2.735
tl_l1,0.308 +/- 0.418,2.057 +/- 2.785,0.461 +/- 0.450,2.088 +/- 2.773,0.461 +/- 0.450,2.088 +/- 2.773,-,-,1.894 +/- 3.865,4.035 +/- 7.731,1.913 +/- 3.715,4.526 +/- 7.825,4.791 +/- 2.711,6.998 +/- 6.783,4.791 +/- 2.711,6.998 +/- 6.783,1.461 +/- 0.812,3.261 +/- 3.150,1.742 +/- 1.403,4.470 +/- 6.049,0.349 +/- 0.495,2.129 +/- 2.759,0.690 +/- 0.780,2.993 +/- 4.229,0.358 +/- 0.493,2.110 +/- 2.766,0.712 +/- 0.754,3.100 +/- 4.087,0.358 +/- 0.493,2.118 +/- 2.762,0.659 +/- 0.762,2.972 +/- 4.136,1.324 +/- 0.693,3.344 +/- 3.953,0.487 +/- 0.395,2.196 +/- 2.842,0.591 +/- 0.415,2.179 +/- 2.758
tl_l2,0.349 +/- 0.519,2.051 +/- 2.727,0.470 +/- 0.524,2.132 +/- 2.755,0.466 +/- 0.516,2.110 +/- 2.721,-,-,0.474 +/- 0.684,2.219 +/- 2.780,0.530 +/- 0.666,2.158 +/- 2.790,0.589 +/- 0.632,2.163 +/- 2.836,0.600 +/- 0.639,2.156 +/- 2.788,0.589 +/- 0.632,2.163 +/- 2.836,0.600 +/- 0.639,2.156 +/- 2.788,0.401 +/- 0.510,2.220 +/- 2.719,0.447 +/- 0.533,2.140 +/- 2.746,0.400 +/- 0.511,2.221 +/- 2.719,0.461 +/- 0.527,2.145 +/- 2.744,0.404 +/- 0.512,2.228 +/- 2.718,0.459 +/- 0.526,2.135 +/- 2.746,0.596 +/- 0.640,2.149 +/- 2.791,0.483 +/- 0.489,2.133 +/- 2.726,0.528 +/- 0.460,2.128 +/- 2.732
tl_dt,0.000 +/- 0.001,2.413 +/- 3.949,0.247 +/- 0.197,2.797 +/- 4.375,0.247 +/- 0.200,2.802 +/- 4.364,-,-,0.243 +/- 0.267,3.056 +/- 4.508,0.265 +/- 0.385,3.378 +/- 5.221,0.537 +/- 0.739,3.768 +/- 5.124,0.339 +/- 0.352,3.611 +/- 5.216,0.535 +/- 0.739,3.780 +/- 5.118,0.290 +/- 0.374,3.412 +/- 5.205,0.230 +/- 0.191,3.015 +/- 4.562,0.320 +/- 0.526,3.337 +/- 5.166,0.224 +/- 0.208,2.961 +/- 3.980,0.380 +/- 0.572,3.318 +/- 4.900,0.216 +/- 0.128,3.041 +/- 4.539,0.270 +/- 0.427,3.100 +/- 5.014,0.294 +/- 0.326,3.045 +/- 4.659,0.164 +/- 0.161,2.838 +/- 4.531,0.226 +/- 0.245,2.793 +/- 4.297
tl_rf,0.065 +/- 0.119,1.668 +/- 2.470,0.148 +/- 0.148,1.714 +/- 2.467,0.141 +/- 0.148,1.703 +/- 2.469,-,-,0.152 +/- 0.145,1.756 +/- 2.481,0.282 +/- 0.485,2.995 +/- 4.649,0.290 +/- 0.397,2.067 +/- 2.721,0.287 +/- 0.479,3.031 +/- 4.617,0.290 +/- 0.397,2.067 +/- 2.721,0.282 +/- 0.484,2.996 +/- 4.653,0.128 +/- 0.111,1.841 +/- 2.520,0.282 +/- 0.392,2.584 +/- 3.893,0.131 +/- 0.105,1.828 +/- 2.594,0.241 +/- 0.409,2.615 +/- 3.938,0.130 +/- 0.121,2.230 +/- 3.778,0.249 +/- 0.407,2.562 +/- 3.971,0.161 +/- 0.135,2.116 +/- 3.308,0.116 +/- 0.122,1.727 +/- 2.488,0.102 +/- 0.130,1.725 +/- 2.467
tl_et,0.103 +/- 0.305,1.634 +/- 2.808,0.259 +/- 0.616,1.762 +/- 2.932,0.331 +/- 0.821,1.726 +/- 2.836,-,-,0.450 +/- 0.859,2.361 +/- 3.317,0.317 +/- 0.478,3.011 +/- 4.953,0.442 +/- 0.858,2.178 +/- 3.050,0.325 +/- 0.476,3.174 +/- 4.892,0.442 +/- 0.858,2.178 +/- 3.050,0.296 +/- 0.492,3.000 +/- 4.954,0.264 +/- 0.582,1.969 +/- 3.018,0.219 +/- 0.394,2.474 +/- 4.308,0.272 +/- 0.602,1.952 +/- 3.028,0.213 +/- 0.338,2.705 +/- 4.232,0.256 +/- 0.557,1.890 +/- 2.940,0.219 +/- 0.380,2.593 +/- 4.305,0.316 +/- 0.552,2.414 +/- 3.847,0.284 +/- 0.650,1.844 +/- 2.995,0.294 +/- 0.584,1.814 +/- 2.984
tl_kr,0.008 +/- 0.015,0.653 +/- 0.586,0.174 +/- 0.292,0.712 +/- 0.599,0.175 +/- 0.291,0.710 +/- 0.600,-,-,1.833 +/- 3.423,4.221 +/- 6.644,1.681 +/- 3.798,4.072 +/- 8.004,4.791 +/- 2.711,6.998 +/- 6.783,4.791 +/- 2.711,6.998 +/- 6.783,1.705 +/- 1.249,4.489 +/- 6.775,1.928 +/- 3.223,4.498 +/- 6.850,0.293 +/- 0.297,1.777 +/- 0.911,0.156 +/- 0.143,1.595 +/- 2.288,0.278 +/- 0.245,1.879 +/- 0.858,0.150 +/- 0.129,1.616 +/- 2.260,0.207 +/- 0.177,2.217 +/- 1.947,0.170 +/- 0.169,1.594 +/- 2.261,0.538 +/- 0.300,1.886 +/- 2.093,0.192 +/- 0.212,1.095 +/- 1.153,0.403 +/- 0.329,1.292 +/- 1.220
tl_cb,0.030 +/- 0.040,0.898 +/- 1.155,0.106 +/- 0.059,0.971 +/- 1.189,0.108 +/- 0.053,0.968 +/- 1.186,-,-,0.110 +/- 0.086,1.073 +/- 1.165,0.242 +/- 0.375,2.111 +/- 3.305,0.122 +/- 0.091,1.113 +/- 1.147,0.240 +/- 0.381,2.214 +/- 3.257,0.122 +/- 0.091,1.113 +/- 1.147,0.239 +/- 0.372,2.146 +/- 3.287,0.121 +/- 0.110,1.077 +/- 1.214,0.248 +/- 0.379,2.065 +/- 3.227,0.081 +/- 0.056,1.066 +/- 1.110,0.230 +/- 0.382,1.988 +/- 2.924,0.182 +/- 0.206,1.372 +/- 2.070,0.239 +/- 0.379,2.065 +/- 3.234,0.229 +/- 0.281,1.673 +/- 2.497,0.098 +/- 0.058,1.034 +/- 1.177,0.107 +/- 0.078,1.034 +/- 1.178
tl_lgbm,0.125 +/- 0.119,1.683 +/- 1.531,0.199 +/- 0.205,1.769 +/- 1.613,0.192 +/- 0.205,1.757 +/- 1.618,-,-,0.207 +/- 0.195,1.795 +/- 1.675,0.166 +/- 0.114,1.757 +/- 1.575,0.213 +/- 0.196,1.805 +/- 1.669,0.202 +/- 0.142,1.772 +/- 1.527,0.212 +/- 0.196,1.807 +/- 1.668,0.192 +/- 0.152,1.738 +/- 1.541,0.196 +/- 0.186,1.791 +/- 1.626,0.175 +/- 0.133,1.760 +/- 1.561,0.205 +/- 0.183,1.781 +/- 1.622,0.209 +/- 0.189,1.779 +/- 1.637,0.182 +/- 0.117,1.776 +/- 1.569,0.167 +/- 0.114,1.753 +/- 1.573,0.193 +/- 0.204,1.777 +/- 1.637,0.205 +/- 0.205,1.760 +/- 1.627,0.194 +/- 0.171,1.768 +/- 1.613
ipsws_l1,0.525 +/- 0.948,4.258 +/- 6.908,0.875 +/- 1.727,4.320 +/- 7.054,0.854 +/- 1.733,4.316 +/- 7.056,-,-,1.518 +/- 3.778,4.566 +/- 7.772,1.702 +/- 3.790,4.606 +/- 7.793,4.791 +/- 2.711,6.998 +/- 6.783,4.791 +/- 2.711,6.998 +/- 6.783,1.510 +/- 1.502,4.610 +/- 6.925,1.510 +/- 1.502,4.610 +/- 6.925,0.634 +/- 1.041,4.276 +/- 6.919,0.647 +/- 1.035,4.278 +/- 6.919,0.637 +/- 1.040,4.277 +/- 6.919,0.639 +/- 1.039,4.277 +/- 6.919,0.634 +/- 1.041,4.276 +/- 6.919,0.647 +/- 1.035,4.278 +/- 6.919,1.540 +/- 1.493,4.614 +/- 6.927,0.875 +/- 1.727,4.321 +/- 7.053,1.335 +/- 1.587,4.539 +/- 6.955
ipsws_l2,0.501 +/- 0.801,4.259 +/- 6.887,0.739 +/- 1.085,4.303 +/- 6.920,0.754 +/- 1.079,4.306 +/- 6.919,-,-,0.658 +/- 1.115,4.279 +/- 6.931,0.657 +/- 1.115,4.279 +/- 6.931,0.780 +/- 1.061,4.312 +/- 6.915,0.780 +/- 1.061,4.312 +/- 6.915,0.780 +/- 1.061,4.312 +/- 6.915,0.780 +/- 1.061,4.312 +/- 6.915,0.513 +/- 0.811,4.261 +/- 6.888,0.519 +/- 0.804,4.261 +/- 6.887,0.512 +/- 0.811,4.261 +/- 6.887,0.516 +/- 0.813,4.261 +/- 6.888,0.511 +/- 0.810,4.261 +/- 6.888,0.518 +/- 0.803,4.261 +/- 6.887,0.780 +/- 1.061,4.312 +/- 6.915,0.744 +/- 1.079,4.304 +/- 6.919,0.780 +/- 1.061,4.312 +/- 6.915
ipsws_dt,0.007 +/- 0.008,2.187 +/- 3.283,0.284 +/- 0.371,2.775 +/- 4.284,0.483 +/- 0.762,3.147 +/- 5.057,-,-,0.965 +/- 2.092,4.408 +/- 7.472,0.457 +/- 0.902,3.756 +/- 5.974,0.364 +/- 0.575,3.971 +/- 5.809,0.440 +/- 0.897,3.818 +/- 5.943,1.070 +/- 2.118,4.589 +/- 7.412,0.448 +/- 0.894,3.787 +/- 5.957,0.321 +/- 0.458,3.347 +/- 5.051,0.492 +/- 0.783,3.107 +/- 4.580,0.315 +/- 0.345,3.408 +/- 4.985,0.389 +/- 0.705,3.383 +/- 5.180,0.486 +/- 0.638,3.091 +/- 4.080,0.438 +/- 0.639,2.992 +/- 4.496,0.607 +/- 0.952,2.872 +/- 4.650,0.388 +/- 0.441,3.037 +/- 4.701,0.268 +/- 0.277,2.674 +/- 3.866
ipsws_rf,0.136 +/- 0.295,2.020 +/- 3.349,0.238 +/- 0.337,2.061 +/- 3.361,0.230 +/- 0.320,2.061 +/- 3.383,-,-,1.169 +/- 2.503,3.732 +/- 6.841,1.406 +/- 3.078,4.061 +/- 7.328,1.402 +/- 3.079,3.965 +/- 7.358,1.410 +/- 3.077,4.151 +/- 7.295,1.020 +/- 1.996,3.567 +/- 6.237,1.029 +/- 1.992,3.672 +/- 6.202,0.262 +/- 0.380,2.235 +/- 3.505,0.303 +/- 0.527,2.675 +/- 4.136,0.307 +/- 0.605,2.911 +/- 4.678,0.359 +/- 0.541,2.639 +/- 3.929,0.254 +/- 0.401,2.139 +/- 3.404,0.347 +/- 0.547,2.494 +/- 3.764,0.315 +/- 0.380,2.191 +/- 3.393,0.254 +/- 0.330,2.067 +/- 3.352,0.244 +/- 0.338,2.047 +/- 3.358
ipsws_et,0.074 +/- 0.124,1.860 +/- 3.123,0.214 +/- 0.373,1.936 +/- 3.094,0.252 +/- 0.455,1.970 +/- 3.296,-,-,0.707 +/- 1.713,3.495 +/- 6.249,0.769 +/- 1.725,3.658 +/- 6.327,0.733 +/- 1.703,3.527 +/- 6.234,0.804 +/- 1.711,3.782 +/- 6.272,0.733 +/- 1.703,3.527 +/- 6.234,0.780 +/- 1.721,3.711 +/- 6.306,0.264 +/- 0.380,2.084 +/- 3.046,0.302 +/- 0.475,2.610 +/- 4.458,0.273 +/- 0.467,2.245 +/- 3.371,0.363 +/- 0.558,3.048 +/- 4.576,0.241 +/- 0.354,2.066 +/- 3.065,0.326 +/- 0.515,2.595 +/- 4.295,0.500 +/- 1.059,2.579 +/- 4.786,0.275 +/- 0.381,2.049 +/- 3.301,0.262 +/- 0.440,1.991 +/- 3.281
ipsws_kr,0.044 +/- 0.086,1.366 +/- 1.674,0.138 +/- 0.097,1.726 +/- 2.158,0.310 +/- 0.261,2.231 +/- 2.733,-,-,1.394 +/- 3.512,3.946 +/- 7.154,1.646 +/- 3.813,4.215 +/- 7.943,4.791 +/- 2.711,6.998 +/- 6.783,4.791 +/- 2.711,6.998 +/- 6.783,1.150 +/- 0.987,3.119 +/- 3.598,1.212 +/- 1.264,3.812 +/- 5.691,0.121 +/- 0.100,1.644 +/- 1.842,0.338 +/- 0.632,2.240 +/- 3.460,0.128 +/- 0.107,1.691 +/- 1.858,0.370 +/- 0.636,2.453 +/- 3.510,0.303 +/- 0.560,2.235 +/- 3.599,0.388 +/- 0.783,2.454 +/- 3.983,1.032 +/- 1.013,2.730 +/- 3.513,0.252 +/- 0.318,1.613 +/- 1.861,0.465 +/- 0.269,1.776 +/- 1.776
ipsws_cb,0.180 +/- 0.102,1.294 +/- 1.804,0.299 +/- 0.103,1.460 +/- 1.939,0.326 +/- 0.093,1.532 +/- 1.830,-,-,0.689 +/- 1.197,1.903 +/- 3.213,0.635 +/- 1.204,2.053 +/- 3.264,1.090 +/- 1.076,2.457 +/- 3.094,1.088 +/- 1.077,2.444 +/- 3.100,1.090 +/- 1.076,2.457 +/- 3.094,1.088 +/- 1.077,2.444 +/- 3.100,0.230 +/- 0.123,1.411 +/- 2.064,0.234 +/- 0.132,1.858 +/- 2.937,0.229 +/- 0.123,1.408 +/- 2.065,0.253 +/- 0.125,1.943 +/- 2.970,0.201 +/- 0.084,1.371 +/- 1.957,0.230 +/- 0.139,1.846 +/- 2.937,0.896 +/- 0.612,2.040 +/- 2.159,0.317 +/- 0.167,1.487 +/- 2.072,0.528 +/- 0.172,1.654 +/- 1.953
ipsws_lgbm,0.101 +/- 0.148,1.670 +/- 2.625,0.175 +/- 0.159,1.751 +/- 2.737,0.171 +/- 0.146,1.745 +/- 2.739,-,-,0.193 +/- 0.235,1.835 +/- 2.781,0.176 +/- 0.157,1.739 +/- 2.627,0.190 +/- 0.173,1.830 +/- 2.814,0.175 +/- 0.155,1.760 +/- 2.618,0.190 +/- 0.173,1.830 +/- 2.814,0.182 +/- 0.177,1.763 +/- 2.633,0.199 +/- 0.219,1.823 +/- 2.751,0.174 +/- 0.172,1.816 +/- 2.794,0.207 +/- 0.245,1.820 +/- 2.743,0.182 +/- 0.173,1.798 +/- 2.760,0.203 +/- 0.235,1.823 +/- 2.744,0.172 +/- 0.172,1.810 +/- 2.797,0.170 +/- 0.178,1.854 +/- 2.827,0.186 +/- 0.218,1.789 +/- 2.826,0.187 +/- 0.225,1.801 +/- 2.823
drs_l1,0.147 +/- 0.302,2.229 +/- 3.914,-,-,-,-,0.914 +/- 1.726,2.838 +/- 4.341,0.806 +/- 1.975,2.447 +/- 3.874,0.504 +/- 0.813,3.814 +/- 6.667,0.819 +/- 1.973,2.393 +/- 3.895,0.504 +/- 0.812,3.992 +/- 6.611,0.719 +/- 1.675,2.485 +/- 4.165,0.498 +/- 0.816,3.882 +/- 6.639,0.234 +/- 0.289,3.378 +/- 6.790,0.903 +/- 1.732,2.869 +/- 4.326,0.277 +/- 0.520,3.283 +/- 6.439,0.890 +/- 1.735,2.955 +/- 4.293,0.457 +/- 0.765,3.950 +/- 6.848,0.903 +/- 1.732,2.869 +/- 4.326,0.927 +/- 1.725,2.840 +/- 4.339,0.782 +/- 1.985,2.321 +/- 3.887,0.797 +/- 1.980,2.258 +/- 3.903
drs_l2,0.691 +/- 1.532,2.216 +/- 3.505,-,-,-,-,0.701 +/- 1.528,2.229 +/- 3.500,0.803 +/- 1.610,2.351 +/- 3.684,0.728 +/- 1.517,2.228 +/- 3.501,0.895 +/- 1.796,2.482 +/- 4.067,0.735 +/- 1.514,2.237 +/- 3.497,0.828 +/- 1.600,2.350 +/- 3.685,0.735 +/- 1.514,2.237 +/- 3.497,0.705 +/- 1.527,2.240 +/- 3.495,0.729 +/- 1.516,2.234 +/- 3.498,0.740 +/- 1.607,2.293 +/- 3.665,0.729 +/- 1.516,2.234 +/- 3.498,0.711 +/- 1.524,2.241 +/- 3.495,0.729 +/- 1.516,2.234 +/- 3.498,0.733 +/- 1.515,2.236 +/- 3.497,0.726 +/- 1.518,2.228 +/- 3.500,0.737 +/- 1.514,2.230 +/- 3.500
drs_dt,0.006 +/- 0.006,2.775 +/- 4.377,-,-,-,-,0.514 +/- 0.772,3.361 +/- 5.412,0.429 +/- 0.380,5.171 +/- 6.891,0.608 +/- 0.946,3.317 +/- 5.091,0.378 +/- 0.319,6.749 +/- 4.559,0.636 +/- 0.933,3.494 +/- 5.009,0.659 +/- 0.663,6.102 +/- 6.183,0.603 +/- 0.948,3.335 +/- 5.082,0.825 +/- 1.506,4.306 +/- 4.631,0.607 +/- 0.946,3.337 +/- 5.081,0.380 +/- 0.317,4.188 +/- 4.495,0.600 +/- 0.949,3.306 +/- 5.096,0.926 +/- 1.574,4.757 +/- 6.161,0.603 +/- 0.948,3.345 +/- 5.081,0.430 +/- 0.620,3.225 +/- 4.949,0.505 +/- 0.746,3.231 +/- 4.902,0.454 +/- 0.573,3.216 +/- 4.895
drs_rf,0.125 +/- 0.182,1.663 +/- 2.549,-,-,-,-,0.348 +/- 0.485,2.159 +/- 3.231,0.340 +/- 0.644,2.288 +/- 3.945,0.555 +/- 0.855,2.859 +/- 4.665,0.344 +/- 0.643,2.389 +/- 3.928,0.558 +/- 0.855,2.878 +/- 4.660,0.344 +/- 0.643,2.389 +/- 3.928,0.566 +/- 0.850,2.866 +/- 4.663,0.268 +/- 0.301,1.948 +/- 2.623,0.419 +/- 0.575,2.451 +/- 3.833,0.298 +/- 0.373,2.031 +/- 3.057,0.536 +/- 0.831,2.696 +/- 4.171,0.308 +/- 0.414,2.343 +/- 3.835,0.425 +/- 0.563,2.459 +/- 3.936,0.405 +/- 0.499,2.366 +/- 3.880,0.249 +/- 0.278,1.902 +/- 2.888,0.245 +/- 0.236,1.806 +/- 2.750
drs_et,0.271 +/- 0.791,1.877 +/- 3.054,-,-,-,-,0.444 +/- 1.079,2.240 +/- 3.556,0.470 +/- 1.059,2.706 +/- 4.348,0.542 +/- 1.106,2.992 +/- 4.960,0.459 +/- 1.064,2.754 +/- 4.328,0.562 +/- 1.098,3.076 +/- 4.925,0.459 +/- 1.064,2.754 +/- 4.328,0.556 +/- 1.101,3.050 +/- 4.935,0.459 +/- 1.080,2.300 +/- 3.427,0.407 +/- 0.759,2.726 +/- 4.754,0.459 +/- 1.080,2.304 +/- 3.424,0.493 +/- 1.013,2.729 +/- 4.332,0.560 +/- 1.322,2.499 +/- 4.025,0.388 +/- 0.772,2.832 +/- 4.795,0.460 +/- 1.079,2.552 +/- 4.316,0.471 +/- 1.046,2.073 +/- 3.185,0.449 +/- 1.053,2.077 +/- 3.168
drs_kr,0.043 +/- 0.066,1.847 +/- 2.364,-,-,-,-,0.185 +/- 0.121,3.120 +/- 5.809,0.828 +/- 1.014,4.339 +/- 5.589,1.774 +/- 3.760,4.313 +/- 7.897,4.791 +/- 2.711,6.998 +/- 6.783,4.791 +/- 2.711,6.998 +/- 6.783,1.302 +/- 1.125,5.878 +/- 5.220,1.812 +/- 3.744,4.340 +/- 7.886,0.447 +/- 0.819,4.326 +/- 6.323,0.579 +/- 0.963,1.998 +/- 2.469,0.540 +/- 0.846,4.587 +/- 5.795,0.582 +/- 0.962,2.009 +/- 2.467,0.654 +/- 0.856,5.515 +/- 8.514,0.590 +/- 0.959,2.008 +/- 2.468,0.608 +/- 0.951,2.006 +/- 2.470,0.589 +/- 1.035,1.948 +/- 2.375,0.608 +/- 1.026,1.910 +/- 2.388
drs_cb,0.030 +/- 0.048,1.420 +/- 1.681,-,-,-,-,0.247 +/- 0.226,1.569 +/- 1.832,0.306 +/- 0.529,1.723 +/- 1.845,0.246 +/- 0.373,2.327 +/- 3.202,0.343 +/- 0.515,1.628 +/- 1.906,0.263 +/- 0.369,2.384 +/- 3.184,0.343 +/- 0.515,1.628 +/- 1.906,0.263 +/- 0.369,2.384 +/- 3.184,0.182 +/- 0.127,2.125 +/- 2.250,0.219 +/- 0.287,2.253 +/- 3.149,0.185 +/- 0.090,1.895 +/- 1.748,0.249 +/- 0.374,2.351 +/- 3.199,0.287 +/- 0.318,2.242 +/- 2.448,0.217 +/- 0.288,2.251 +/- 3.150,0.259 +/- 0.229,2.003 +/- 2.698,0.215 +/- 0.178,1.709 +/- 2.189,0.211 +/- 0.181,1.688 +/- 2.200
drs_lgbm,0.359 +/- 0.896,5.179 +/- 5.610,-,-,-,-,0.702 +/- 1.316,5.589 +/- 5.894,0.825 +/- 1.166,6.060 +/- 6.039,0.772 +/- 1.296,5.716 +/- 6.000,0.650 +/- 0.818,5.923 +/- 5.874,0.765 +/- 1.299,5.705 +/- 6.005,0.782 +/- 1.179,6.039 +/- 6.048,0.776 +/- 1.292,5.677 +/- 6.018,0.812 +/- 1.282,6.001 +/- 5.920,0.773 +/- 1.296,5.700 +/- 6.007,0.977 +/- 1.975,6.013 +/- 6.357,0.776 +/- 1.294,5.621 +/- 6.038,0.909 +/- 1.260,6.067 +/- 5.974,0.773 +/- 1.296,5.700 +/- 6.007,1.083 +/- 1.950,5.859 +/- 6.472,1.073 +/- 1.956,5.900 +/- 6.451,1.045 +/- 1.968,5.861 +/- 6.466
dmls_l1,0.130 +/- 0.100,1.800 +/- 2.635,-,-,-,-,0.302 +/- 0.299,1.922 +/- 2.725,0.574 +/- 1.094,2.010 +/- 2.846,0.589 +/- 1.090,1.962 +/- 2.852,0.755 +/- 1.035,2.065 +/- 2.817,0.720 +/- 1.048,2.050 +/- 2.810,0.755 +/- 1.035,2.065 +/- 2.817,0.720 +/- 1.048,2.050 +/- 2.810,0.153 +/- 0.110,1.910 +/- 2.730,0.216 +/- 0.144,1.968 +/- 2.723,0.141 +/- 0.093,1.882 +/- 2.719,0.261 +/- 0.226,2.025 +/- 2.752,0.153 +/- 0.110,1.910 +/- 2.730,0.215 +/- 0.145,1.970 +/- 2.722,0.579 +/- 0.836,1.948 +/- 2.806,0.505 +/- 0.863,1.913 +/- 2.819,0.641 +/- 1.069,1.972 +/- 2.834
dmls_l2,0.269 +/- 0.306,1.837 +/- 2.714,-,-,-,-,0.314 +/- 0.302,1.925 +/- 2.720,0.296 +/- 0.314,1.880 +/- 2.745,0.297 +/- 0.355,1.852 +/- 2.709,0.326 +/- 0.319,1.923 +/- 2.721,0.332 +/- 0.355,1.910 +/- 2.689,0.326 +/- 0.319,1.923 +/- 2.721,0.325 +/- 0.358,1.902 +/- 2.692,0.292 +/- 0.311,1.852 +/- 2.719,0.291 +/- 0.354,1.839 +/- 2.714,0.289 +/- 0.313,1.857 +/- 2.718,0.313 +/- 0.360,1.887 +/- 2.697,0.280 +/- 0.317,1.850 +/- 2.721,0.290 +/- 0.355,1.839 +/- 2.714,0.309 +/- 0.346,1.852 +/- 2.709,0.310 +/- 0.346,1.861 +/- 2.707,0.305 +/- 0.349,1.852 +/- 2.709
dmls_dt,0.277 +/- 0.186,2.036 +/- 2.737,-,-,-,-,0.836 +/- 0.905,2.458 +/- 3.258,1.343 +/- 2.599,3.014 +/- 4.842,1.431 +/- 2.438,2.923 +/- 4.443,2.701 +/- 2.052,4.105 +/- 3.871,2.800 +/- 1.972,4.210 +/- 3.904,1.468 +/- 0.822,2.945 +/- 3.020,1.861 +/- 1.517,3.393 +/- 3.841,0.446 +/- 0.426,2.244 +/- 2.975,0.712 +/- 1.096,2.393 +/- 3.280,0.497 +/- 0.530,2.213 +/- 2.923,0.832 +/- 0.908,2.495 +/- 3.335,0.486 +/- 0.407,2.226 +/- 2.961,0.711 +/- 1.102,2.383 +/- 3.261,1.754 +/- 1.744,3.181 +/- 3.721,0.639 +/- 0.544,2.344 +/- 3.074,0.706 +/- 0.563,2.448 +/- 3.034
dmls_rf,0.167 +/- 0.135,1.863 +/- 2.733,-,-,-,-,0.350 +/- 0.387,1.919 +/- 2.759,0.358 +/- 0.362,1.962 +/- 2.777,0.282 +/- 0.207,2.003 +/- 2.803,0.403 +/- 0.383,1.989 +/- 2.747,0.335 +/- 0.193,2.056 +/- 2.785,0.403 +/- 0.383,1.989 +/- 2.747,0.315 +/- 0.189,2.034 +/- 2.789,0.237 +/- 0.111,1.967 +/- 2.816,0.289 +/- 0.200,2.024 +/- 2.845,0.219 +/- 0.124,1.958 +/- 2.815,0.297 +/- 0.199,2.019 +/- 2.796,0.248 +/- 0.164,1.943 +/- 2.841,0.284 +/- 0.195,2.027 +/- 2.846,0.297 +/- 0.197,2.055 +/- 2.797,0.335 +/- 0.349,1.919 +/- 2.766,0.348 +/- 0.297,1.955 +/- 2.763
dmls_et,0.132 +/- 0.115,1.919 +/- 2.692,-,-,-,-,0.443 +/- 0.364,2.090 +/- 2.751,0.459 +/- 0.453,2.067 +/- 2.815,0.258 +/- 0.137,1.984 +/- 2.715,0.532 +/- 0.453,2.081 +/- 2.778,0.342 +/- 0.152,2.042 +/- 2.697,0.522 +/- 0.433,2.089 +/- 2.804,0.330 +/- 0.140,2.038 +/- 2.696,0.323 +/- 0.226,2.104 +/- 2.910,0.289 +/- 0.231,2.099 +/- 2.923,0.303 +/- 0.244,2.102 +/- 2.901,0.299 +/- 0.251,2.059 +/- 2.926,0.318 +/- 0.227,2.112 +/- 2.897,0.295 +/- 0.255,2.063 +/- 2.926,0.281 +/- 0.153,2.008 +/- 2.712,0.327 +/- 0.295,2.015 +/- 2.704,0.411 +/- 0.345,2.051 +/- 2.755
dmls_kr,0.064 +/- 0.156,1.721 +/- 2.495,-,-,-,-,0.371 +/- 0.424,1.861 +/- 2.490,0.483 +/- 0.988,2.137 +/- 2.852,0.695 +/- 1.073,3.049 +/- 4.813,0.718 +/- 1.283,2.676 +/- 4.647,0.764 +/- 1.039,3.078 +/- 4.799,0.777 +/- 1.459,2.138 +/- 3.070,0.822 +/- 1.375,2.779 +/- 4.460,0.163 +/- 0.167,1.960 +/- 2.658,0.582 +/- 0.883,2.305 +/- 3.219,0.207 +/- 0.198,2.042 +/- 2.625,0.569 +/- 1.000,2.659 +/- 4.089,0.325 +/- 0.404,2.065 +/- 2.726,0.635 +/- 1.102,2.598 +/- 4.254,0.707 +/- 1.129,2.402 +/- 3.653,0.357 +/- 0.507,1.811 +/- 2.471,0.400 +/- 0.590,1.821 +/- 2.532
dmls_cb,0.193 +/- 0.122,1.857 +/- 2.665,-,-,-,-,0.426 +/- 0.389,1.981 +/- 2.657,0.446 +/- 0.487,1.973 +/- 2.695,0.494 +/- 0.331,2.197 +/- 2.809,0.708 +/- 0.411,2.215 +/- 2.600,0.638 +/- 0.262,2.315 +/- 2.752,0.708 +/- 0.411,2.215 +/- 2.600,0.619 +/- 0.266,2.276 +/- 2.767,0.248 +/- 0.103,2.026 +/- 2.930,0.429 +/- 0.331,2.114 +/- 2.842,0.259 +/- 0.103,2.036 +/- 2.937,0.490 +/- 0.324,2.190 +/- 2.812,0.244 +/- 0.103,2.014 +/- 2.932,0.443 +/- 0.331,2.178 +/- 2.812,0.595 +/- 0.265,2.278 +/- 2.764,0.534 +/- 0.513,2.032 +/- 2.665,0.544 +/- 0.406,2.055 +/- 2.652
dmls_lgbm,0.424 +/- 0.358,2.004 +/- 2.640,-,-,-,-,0.510 +/- 0.391,2.108 +/- 2.757,0.750 +/- 1.006,2.387 +/- 3.246,0.826 +/- 1.000,2.401 +/- 3.242,1.067 +/- 0.934,2.593 +/- 3.157,1.067 +/- 0.934,2.593 +/- 3.157,1.054 +/- 0.934,2.577 +/- 3.158,1.101 +/- 0.927,2.616 +/- 3.147,0.515 +/- 0.470,2.053 +/- 2.633,0.767 +/- 1.018,2.356 +/- 3.258,0.542 +/- 0.465,2.067 +/- 2.622,0.716 +/- 0.866,2.338 +/- 3.138,0.506 +/- 0.472,2.060 +/- 2.631,0.766 +/- 1.101,2.353 +/- 3.297,1.047 +/- 0.941,2.571 +/- 3.171,0.602 +/- 0.406,2.155 +/- 2.804,0.669 +/- 0.494,2.204 +/- 2.812
xl_l1,0.157 +/- 0.298,1.649 +/- 2.649,-,-,-,-,-,-,0.448 +/- 0.715,2.543 +/- 3.765,0.554 +/- 0.953,3.851 +/- 6.801,0.445 +/- 0.718,2.517 +/- 3.785,0.584 +/- 0.941,4.134 +/- 6.694,0.445 +/- 0.718,2.517 +/- 3.785,0.559 +/- 0.911,3.784 +/- 6.668,0.257 +/- 0.385,1.868 +/- 2.564,0.411 +/- 0.675,2.764 +/- 4.370,0.251 +/- 0.413,1.842 +/- 2.610,0.431 +/- 0.723,2.551 +/- 3.777,0.226 +/- 0.294,1.887 +/- 2.619,0.411 +/- 0.675,2.764 +/- 4.370,0.377 +/- 0.562,2.301 +/- 3.330,0.267 +/- 0.409,1.699 +/- 2.682,0.266 +/- 0.409,1.701 +/- 2.682
xl_l2,0.187 +/- 0.361,1.615 +/- 2.518,-,-,-,-,-,-,0.371 +/- 0.723,2.063 +/- 2.879,0.367 +/- 0.724,2.008 +/- 2.912,0.391 +/- 0.714,1.994 +/- 2.903,0.373 +/- 0.721,2.020 +/- 2.906,0.391 +/- 0.714,1.994 +/- 2.903,0.367 +/- 0.724,2.008 +/- 2.912,0.234 +/- 0.408,1.753 +/- 2.631,0.367 +/- 0.724,2.008 +/- 2.912,0.240 +/- 0.406,1.771 +/- 2.623,0.367 +/- 0.724,2.008 +/- 2.912,0.211 +/- 0.358,1.705 +/- 2.535,0.367 +/- 0.724,2.008 +/- 2.912,0.366 +/- 0.722,1.987 +/- 2.919,0.242 +/- 0.418,1.808 +/- 2.703,0.235 +/- 0.371,1.688 +/- 2.592
xl_dt,0.019 +/- 0.031,2.402 +/- 3.859,-,-,-,-,-,-,0.947 +/- 1.766,3.796 +/- 6.500,0.276 +/- 0.469,3.268 +/- 5.124,0.799 +/- 1.246,4.021 +/- 6.479,0.299 +/- 0.457,3.317 +/- 5.100,0.624 +/- 0.749,3.414 +/- 4.713,0.300 +/- 0.461,3.294 +/- 5.112,0.276 +/- 0.384,3.115 +/- 4.518,0.307 +/- 0.438,2.865 +/- 4.454,0.251 +/- 0.208,3.310 +/- 4.712,0.289 +/- 0.469,3.106 +/- 4.639,0.338 +/- 0.370,3.112 +/- 4.506,0.588 +/- 0.974,3.148 +/- 4.771,0.250 +/- 0.158,2.851 +/- 4.374,0.293 +/- 0.357,2.859 +/- 4.382,0.563 +/- 0.897,3.053 +/- 4.755
xl_rf,0.198 +/- 0.358,2.260 +/- 3.553,-,-,-,-,-,-,0.374 +/- 0.543,2.601 +/- 4.112,0.416 +/- 0.671,3.152 +/- 5.075,0.399 +/- 0.545,2.698 +/- 4.200,0.353 +/- 0.543,2.988 +/- 4.915,0.399 +/- 0.545,2.698 +/- 4.200,0.369 +/- 0.547,2.973 +/- 4.925,0.395 +/- 0.576,2.701 +/- 4.489,0.377 +/- 0.551,2.668 +/- 4.157,0.381 +/- 0.582,2.715 +/- 4.484,0.313 +/- 0.509,2.672 +/- 4.133,0.382 +/- 0.587,2.984 +/- 5.016,0.307 +/- 0.503,2.562 +/- 4.000,0.302 +/- 0.395,2.543 +/- 4.186,0.317 +/- 0.423,2.331 +/- 3.560,0.307 +/- 0.426,2.300 +/- 3.563
xl_et,0.255 +/- 0.690,2.200 +/- 3.358,-,-,-,-,-,-,0.545 +/- 1.196,2.645 +/- 4.153,0.452 +/- 0.814,3.210 +/- 5.359,0.547 +/- 1.198,2.714 +/- 4.108,0.481 +/- 0.832,3.402 +/- 5.330,0.547 +/- 1.198,2.714 +/- 4.109,0.443 +/- 0.818,3.209 +/- 5.362,0.364 +/- 0.791,2.411 +/- 3.553,0.433 +/- 1.015,2.660 +/- 4.387,0.365 +/- 0.810,2.842 +/- 4.781,0.369 +/- 0.686,2.834 +/- 4.439,0.432 +/- 0.811,2.998 +/- 4.863,0.472 +/- 0.925,2.772 +/- 4.387,0.494 +/- 1.002,2.743 +/- 4.448,0.395 +/- 0.791,2.411 +/- 3.569,0.404 +/- 0.791,2.433 +/- 3.563
xl_kr,0.036 +/- 0.062,1.102 +/- 1.211,-,-,-,-,-,-,0.743 +/- 0.875,2.917 +/- 3.178,1.670 +/- 3.802,4.204 +/- 7.950,4.791 +/- 2.711,6.998 +/- 6.783,4.791 +/- 2.711,6.998 +/- 6.783,0.819 +/- 0.670,2.373 +/- 2.645,1.806 +/- 3.159,4.416 +/- 7.557,0.202 +/- 0.152,1.751 +/- 1.543,0.431 +/- 0.852,2.206 +/- 3.363,0.217 +/- 0.188,1.799 +/- 1.531,0.472 +/- 0.850,2.411 +/- 3.458,0.189 +/- 0.156,1.680 +/- 1.593,0.453 +/- 0.849,2.281 +/- 3.386,0.836 +/- 0.718,2.592 +/- 3.251,0.257 +/- 0.394,1.234 +/- 1.343,0.314 +/- 0.195,1.339 +/- 1.196
xl_cb,0.194 +/- 0.311,1.650 +/- 2.278,-,-,-,-,-,-,0.652 +/- 1.267,3.030 +/- 4.987,0.625 +/- 1.183,3.136 +/- 5.244,0.692 +/- 1.247,2.873 +/- 4.431,0.665 +/- 1.168,3.274 +/- 5.184,0.702 +/- 1.276,2.993 +/- 4.764,0.665 +/- 1.168,3.244 +/- 5.196,0.274 +/- 0.394,1.708 +/- 2.257,0.430 +/- 0.787,2.230 +/- 3.501,0.256 +/- 0.390,1.754 +/- 2.252,0.392 +/- 0.650,2.221 +/- 3.025,0.263 +/- 0.397,1.747 +/- 2.244,0.369 +/- 0.585,2.289 +/- 3.341,0.375 +/- 0.590,2.099 +/- 3.297,0.255 +/- 0.384,1.665 +/- 2.274,0.253 +/- 0.385,1.663 +/- 2.275
xl_lgbm,0.143 +/- 0.176,2.505 +/- 3.240,-,-,-,-,-,-,0.346 +/- 0.289,2.598 +/- 3.202,0.338 +/- 0.350,2.562 +/- 3.259,0.338 +/- 0.292,2.591 +/- 3.206,0.275 +/- 0.195,2.654 +/- 3.469,0.338 +/- 0.292,2.591 +/- 3.206,0.338 +/- 0.348,2.558 +/- 3.260,0.269 +/- 0.266,2.807 +/- 3.641,0.273 +/- 0.222,2.702 +/- 3.648,0.235 +/- 0.238,2.736 +/- 3.612,0.285 +/- 0.244,2.572 +/- 3.332,0.262 +/- 0.268,2.800 +/- 3.644,0.331 +/- 0.319,2.568 +/- 3.248,0.270 +/- 0.209,2.655 +/- 3.452,0.277 +/- 0.212,2.661 +/- 3.515,0.265 +/- 0.212,2.651 +/- 3.454
cf,0.198 +/- 0.392,2.290 +/- 3.559,-,-,-,-,-,-,0.303 +/- 0.582,2.522 +/- 3.762,0.293 +/- 0.585,2.903 +/- 4.661,0.252 +/- 0.385,2.379 +/- 3.529,0.299 +/- 0.583,2.948 +/- 4.650,0.252 +/- 0.385,2.379 +/- 3.529,0.292 +/- 0.582,2.880 +/- 4.673,0.230 +/- 0.386,2.519 +/- 4.080,0.227 +/- 0.385,2.594 +/- 4.296,0.278 +/- 0.517,2.451 +/- 3.667,0.273 +/- 0.521,2.545 +/- 3.783,0.239 +/- 0.388,2.420 +/- 3.776,0.228 +/- 0.386,2.331 +/- 3.581,0.239 +/- 0.389,2.300 +/- 3.554,0.240 +/- 0.388,2.295 +/- 3.556,0.240 +/- 0.388,2.297 +/- 3.555
sl_mlp,0.104 +/- 0.113,0.925 +/- 0.673,0.486 +/- 0.385,1.064 +/- 0.637,0.486 +/- 0.385,1.064 +/- 0.637,-,-,1.163 +/- 2.387,3.079 +/- 4.779,0.762 +/- 1.178,3.530 +/- 6.062,2.558 +/- 1.136,5.197 +/- 5.312,2.664 +/- 0.941,5.254 +/- 5.333,1.715 +/- 1.333,3.071 +/- 2.893,1.529 +/- 1.690,3.733 +/- 5.152,0.264 +/- 0.237,1.267 +/- 1.283,1.917 +/- 4.749,3.377 +/- 6.626,0.311 +/- 0.217,1.305 +/- 1.265,1.921 +/- 4.748,3.493 +/- 6.620,0.318 +/- 0.313,1.243 +/- 1.091,1.919 +/- 4.749,3.383 +/- 6.624,2.416 +/- 4.592,3.703 +/- 6.482,0.342 +/- 0.201,1.232 +/- 0.831,0.672 +/- 0.431,1.345 +/- 0.945
tl_mlp,0.000 +/- 0.000,0.641 +/- 0.570,0.221 +/- 0.229,0.894 +/- 0.549,0.198 +/- 0.143,0.868 +/- 0.525,-,-,0.289 +/- 0.425,1.519 +/- 1.250,0.306 +/- 0.220,2.141 +/- 2.989,0.555 +/- 0.443,1.501 +/- 1.281,0.459 +/- 0.276,2.365 +/- 2.875,0.567 +/- 0.438,1.509 +/- 1.276,0.481 +/- 0.216,2.208 +/- 2.963,0.202 +/- 0.125,1.296 +/- 1.009,0.218 +/- 0.167,1.982 +/- 2.786,0.143 +/- 0.093,1.366 +/- 0.961,0.285 +/- 0.143,2.081 +/- 2.534,0.172 +/- 0.167,1.532 +/- 1.620,0.289 +/- 0.204,2.114 +/- 2.790,0.471 +/- 0.255,1.885 +/- 2.209,0.507 +/- 0.624,1.399 +/- 1.488,0.396 +/- 0.343,1.314 +/- 1.401
