name,ate_mse,pehe_mse,ate_r2,pehe_r2,ate_sl_dt_ate,pehe_sl_dt_ate,ate_sl_dt_pehe,pehe_sl_dt_pehe,ate_sl_lgbm_ate,pehe_sl_lgbm_ate,ate_sl_lgbm_pehe,pehe_sl_lgbm_pehe,ate_sl_cb_ate,pehe_sl_cb_ate,ate_sl_cb_pehe,pehe_sl_cb_pehe,ate_tl_dt_ate,pehe_tl_dt_ate,ate_tl_dt_pehe,pehe_tl_dt_pehe,ate_tl_lgbm_ate,pehe_tl_lgbm_ate,ate_tl_lgbm_pehe,pehe_tl_lgbm_pehe,ate_tl_cb_ate,pehe_tl_cb_ate,ate_tl_cb_pehe,pehe_tl_cb_pehe,ate_rs_dt,pehe_rs_dt,ate_rs_lgbm,pehe_rs_lgbm,ate_rs_cb,pehe_rs_cb
sl_l1,0.091 +/- 0.133,0.012 +/- 0.018,0.105 +/- 0.129,0.014 +/- 0.017,0.359 +/- 1.076,0.151 +/- 0.454,0.593 +/- 1.219,0.195 +/- 0.458,3.654 +/- 0.446,2.584 +/- 0.909,3.654 +/- 0.446,2.584 +/- 0.909,0.714 +/- 0.738,0.434 +/- 0.506,0.865 +/- 0.770,0.541 +/- 0.526,0.042 +/- 0.125,0.003 +/- 0.009,0.054 +/- 0.127,0.004 +/- 0.010,0.042 +/- 0.125,0.003 +/- 0.009,0.042 +/- 0.125,0.003 +/- 0.009,0.042 +/- 0.125,0.003 +/- 0.009,0.054 +/- 0.127,0.004 +/- 0.010,0.598 +/- 0.708,0.333 +/- 0.470,0.148 +/- 0.112,0.030 +/- 0.019,0.148 +/- 0.112,0.030 +/- 0.019
sl_l2,0.143 +/- 0.148,0.028 +/- 0.032,0.162 +/- 0.179,0.035 +/- 0.052,0.071 +/- 0.153,0.021 +/- 0.056,0.065 +/- 0.153,0.020 +/- 0.056,0.576 +/- 0.212,0.242 +/- 0.135,0.576 +/- 0.212,0.242 +/- 0.135,0.576 +/- 0.212,0.242 +/- 0.135,0.525 +/- 0.274,0.223 +/- 0.153,0.058 +/- 0.175,0.004 +/- 0.013,0.058 +/- 0.175,0.004 +/- 0.013,0.058 +/- 0.175,0.004 +/- 0.013,0.058 +/- 0.175,0.004 +/- 0.013,0.058 +/- 0.175,0.004 +/- 0.013,0.058 +/- 0.175,0.004 +/- 0.013,0.634 +/- 0.092,0.246 +/- 0.128,0.204 +/- 0.191,0.057 +/- 0.079,0.395 +/- 0.165,0.123 +/- 0.084
sl_dt,0.389 +/- 0.632,0.663 +/- 1.436,0.404 +/- 0.626,0.659 +/- 1.438,0.714 +/- 1.227,1.030 +/- 1.300,0.414 +/- 0.789,1.090 +/- 1.715,0.451 +/- 0.769,1.279 +/- 1.436,0.399 +/- 0.783,1.154 +/- 1.680,0.462 +/- 0.791,1.067 +/- 1.004,0.410 +/- 0.780,1.102 +/- 1.708,0.490 +/- 0.729,0.549 +/- 0.707,0.423 +/- 0.573,0.440 +/- 0.734,0.524 +/- 0.774,0.809 +/- 0.806,0.224 +/- 0.375,0.732 +/- 1.281,0.441 +/- 0.688,0.600 +/- 0.690,0.404 +/- 0.550,0.424 +/- 0.736,0.458 +/- 0.616,0.422 +/- 0.732,0.546 +/- 0.920,0.506 +/- 1.042,0.514 +/- 0.822,0.439 +/- 1.061
sl_rf,0.227 +/- 0.423,0.026 +/- 0.027,0.225 +/- 0.421,0.053 +/- 0.075,0.831 +/- 2.176,1.388 +/- 2.975,1.204 +/- 2.951,1.851 +/- 3.632,1.211 +/- 2.949,1.811 +/- 3.648,1.219 +/- 2.946,1.912 +/- 3.612,0.871 +/- 2.162,1.490 +/- 2.936,0.855 +/- 2.100,1.466 +/- 2.725,0.243 +/- 0.417,0.149 +/- 0.151,0.212 +/- 0.426,0.415 +/- 0.535,0.162 +/- 0.317,0.363 +/- 0.586,0.219 +/- 0.318,0.447 +/- 0.557,0.224 +/- 0.426,0.068 +/- 0.077,0.264 +/- 0.433,0.223 +/- 0.253,0.283 +/- 0.412,0.155 +/- 0.172,0.244 +/- 0.418,0.039 +/- 0.042,0.235 +/- 0.426,0.030 +/- 0.031
sl_et,0.135 +/- 0.224,0.116 +/- 0.099,0.134 +/- 0.225,0.114 +/- 0.101,0.736 +/- 1.956,1.782 +/- 3.398,0.786 +/- 2.150,1.902 +/- 3.544,0.804 +/- 2.144,1.909 +/- 3.534,0.809 +/- 2.143,1.993 +/- 3.504,0.650 +/- 1.681,1.771 +/- 3.163,0.656 +/- 1.718,1.703 +/- 2.986,0.136 +/- 0.219,0.208 +/- 0.144,0.255 +/- 0.391,0.671 +/- 1.211,0.139 +/- 0.225,0.260 +/- 0.245,0.343 +/- 0.533,0.920 +/- 1.265,0.131 +/- 0.222,0.173 +/- 0.134,0.275 +/- 0.442,0.830 +/- 1.353,0.551 +/- 1.218,0.708 +/- 1.732,0.154 +/- 0.213,0.118 +/- 0.138,0.160 +/- 0.211,0.082 +/- 0.079
sl_kr,0.249 +/- 0.269,0.255 +/- 0.191,0.154 +/- 0.105,0.295 +/- 0.257,1.359 +/- 3.510,2.794 +/- 5.574,1.621 +/- 3.807,2.888 +/- 6.259,4.747 +/- 2.710,5.629 +/- 5.128,4.747 +/- 2.710,5.629 +/- 5.128,1.569 +/- 1.543,2.275 +/- 2.716,1.649 +/- 1.779,2.712 +/- 4.044,0.086 +/- 0.076,0.262 +/- 0.298,0.534 +/- 1.248,1.096 +/- 2.160,0.075 +/- 0.089,0.370 +/- 0.376,0.307 +/- 0.592,0.832 +/- 1.303,0.243 +/- 0.487,0.888 +/- 1.962,0.343 +/- 0.723,0.745 +/- 1.184,0.987 +/- 0.570,1.129 +/- 0.802,0.248 +/- 0.305,0.274 +/- 0.249,0.401 +/- 0.275,0.340 +/- 0.191
sl_cb,0.110 +/- 0.069,0.142 +/- 0.181,0.128 +/- 0.061,0.168 +/- 0.221,0.589 +/- 1.428,0.763 +/- 1.574,0.547 +/- 1.441,0.724 +/- 1.590,1.108 +/- 1.252,1.219 +/- 1.374,1.108 +/- 1.252,1.219 +/- 1.374,1.108 +/- 1.252,1.219 +/- 1.374,1.108 +/- 1.252,1.219 +/- 1.374,0.020 +/- 0.039,0.075 +/- 0.190,0.229 +/- 0.633,0.579 +/- 1.380,0.030 +/- 0.052,0.095 +/- 0.195,0.276 +/- 0.643,0.671 +/- 1.448,0.030 +/- 0.044,0.066 +/- 0.190,0.229 +/- 0.633,0.579 +/- 1.380,0.737 +/- 0.394,0.734 +/- 0.299,0.136 +/- 0.121,0.215 +/- 0.272,0.353 +/- 0.196,0.375 +/- 0.228
sl_lgbm,0.087 +/- 0.125,0.146 +/- 0.291,0.088 +/- 0.124,0.147 +/- 0.291,0.099 +/- 0.094,0.122 +/- 0.105,0.087 +/- 0.080,0.077 +/- 0.101,0.081 +/- 0.075,0.106 +/- 0.095,0.089 +/- 0.078,0.080 +/- 0.097,0.081 +/- 0.075,0.106 +/- 0.095,0.088 +/- 0.080,0.083 +/- 0.098,0.169 +/- 0.278,0.170 +/- 0.251,0.083 +/- 0.077,0.092 +/- 0.110,0.169 +/- 0.282,0.155 +/- 0.256,0.097 +/- 0.093,0.116 +/- 0.147,0.171 +/- 0.280,0.171 +/- 0.249,0.090 +/- 0.087,0.113 +/- 0.154,0.100 +/- 0.100,0.086 +/- 0.089,0.086 +/- 0.086,0.083 +/- 0.078,0.087 +/- 0.087,0.081 +/- 0.077
tl_l1,0.153 +/- 0.101,0.031 +/- 0.047,0.153 +/- 0.101,0.031 +/- 0.047,1.586 +/- 3.475,1.978 +/- 4.969,1.605 +/- 3.312,2.469 +/- 5.048,4.483 +/- 2.320,4.941 +/- 4.008,4.483 +/- 2.320,4.941 +/- 4.008,1.153 +/- 0.476,1.205 +/- 1.216,1.435 +/- 1.027,2.414 +/- 3.275,0.041 +/- 0.085,0.073 +/- 0.081,0.382 +/- 0.421,0.936 +/- 1.545,0.051 +/- 0.089,0.053 +/- 0.062,0.404 +/- 0.372,1.043 +/- 1.425,0.050 +/- 0.089,0.062 +/- 0.062,0.351 +/- 0.390,0.915 +/- 1.471,1.016 +/- 0.534,1.287 +/- 1.273,0.179 +/- 0.113,0.139 +/- 0.103,0.283 +/- 0.110,0.122 +/- 0.089
tl_l2,0.122 +/- 0.100,0.081 +/- 0.097,0.118 +/- 0.102,0.059 +/- 0.066,0.125 +/- 0.201,0.168 +/- 0.132,0.181 +/- 0.162,0.107 +/- 0.134,0.240 +/- 0.145,0.112 +/- 0.140,0.251 +/- 0.144,0.105 +/- 0.117,0.240 +/- 0.145,0.112 +/- 0.140,0.251 +/- 0.144,0.105 +/- 0.117,0.052 +/- 0.100,0.169 +/- 0.117,0.098 +/- 0.064,0.089 +/- 0.125,0.051 +/- 0.100,0.170 +/- 0.117,0.113 +/- 0.065,0.094 +/- 0.142,0.056 +/- 0.102,0.177 +/- 0.142,0.110 +/- 0.065,0.084 +/- 0.125,0.247 +/- 0.147,0.098 +/- 0.119,0.134 +/- 0.104,0.082 +/- 0.107,0.180 +/- 0.091,0.077 +/- 0.115
tl_dt,0.247 +/- 0.197,0.384 +/- 0.464,0.247 +/- 0.199,0.389 +/- 0.455,0.242 +/- 0.266,0.644 +/- 0.613,0.265 +/- 0.385,0.966 +/- 1.534,0.536 +/- 0.738,1.356 +/- 1.408,0.339 +/- 0.352,1.199 +/- 1.497,0.535 +/- 0.738,1.368 +/- 1.403,0.289 +/- 0.374,1.000 +/- 1.518,0.229 +/- 0.191,0.603 +/- 0.633,0.319 +/- 0.526,0.925 +/- 1.417,0.224 +/- 0.207,0.548 +/- 0.165,0.380 +/- 0.572,0.906 +/- 1.205,0.215 +/- 0.127,0.629 +/- 0.658,0.270 +/- 0.427,0.687 +/- 1.099,0.293 +/- 0.326,0.633 +/- 0.812,0.163 +/- 0.160,0.425 +/- 0.602,0.225 +/- 0.245,0.380 +/- 0.376
tl_rf,0.082 +/- 0.103,0.046 +/- 0.024,0.076 +/- 0.099,0.035 +/- 0.020,0.086 +/- 0.115,0.088 +/- 0.064,0.217 +/- 0.372,1.328 +/- 2.202,0.225 +/- 0.288,0.399 +/- 0.706,0.222 +/- 0.364,1.364 +/- 2.169,0.225 +/- 0.288,0.399 +/- 0.706,0.216 +/- 0.371,1.328 +/- 2.206,0.062 +/- 0.045,0.173 +/- 0.150,0.217 +/- 0.282,0.916 +/- 1.434,0.066 +/- 0.052,0.160 +/- 0.148,0.176 +/- 0.294,0.947 +/- 1.476,0.065 +/- 0.076,0.562 +/- 1.374,0.184 +/- 0.294,0.894 +/- 1.508,0.095 +/- 0.095,0.448 +/- 0.896,0.050 +/- 0.038,0.059 +/- 0.039,0.036 +/- 0.040,0.057 +/- 0.032
tl_et,0.156 +/- 0.312,0.129 +/- 0.128,0.227 +/- 0.517,0.092 +/- 0.046,0.346 +/- 0.576,0.727 +/- 1.427,0.214 +/- 0.279,1.377 +/- 2.285,0.339 +/- 0.560,0.545 +/- 0.821,0.222 +/- 0.277,1.540 +/- 2.226,0.339 +/- 0.560,0.545 +/- 0.821,0.193 +/- 0.289,1.367 +/- 2.288,0.160 +/- 0.278,0.335 +/- 0.267,0.116 +/- 0.138,0.841 +/- 1.520,0.169 +/- 0.299,0.318 +/- 0.258,0.109 +/- 0.130,1.072 +/- 1.625,0.153 +/- 0.256,0.257 +/- 0.186,0.115 +/- 0.126,0.960 +/- 1.561,0.213 +/- 0.276,0.780 +/- 1.185,0.181 +/- 0.347,0.210 +/- 0.225,0.191 +/- 0.283,0.180 +/- 0.191
tl_kr,0.166 +/- 0.282,0.059 +/- 0.038,0.168 +/- 0.282,0.057 +/- 0.038,1.825 +/- 3.416,3.568 +/- 6.081,1.673 +/- 3.791,3.419 +/- 7.432,4.783 +/- 2.703,6.345 +/- 6.209,4.783 +/- 2.703,6.345 +/- 6.209,1.697 +/- 1.244,3.836 +/- 6.200,1.921 +/- 3.215,3.845 +/- 6.276,0.285 +/- 0.291,1.124 +/- 0.838,0.148 +/- 0.138,0.942 +/- 1.716,0.270 +/- 0.238,1.226 +/- 0.727,0.142 +/- 0.124,0.963 +/- 1.687,0.199 +/- 0.178,1.564 +/- 1.421,0.162 +/- 0.166,0.941 +/- 1.687,0.530 +/- 0.290,1.233 +/- 1.524,0.184 +/- 0.206,0.442 +/- 0.599,0.395 +/- 0.319,0.639 +/- 0.660
tl_cb,0.077 +/- 0.052,0.073 +/- 0.068,0.078 +/- 0.048,0.070 +/- 0.072,0.080 +/- 0.078,0.174 +/- 0.109,0.212 +/- 0.385,1.212 +/- 2.184,0.092 +/- 0.074,0.214 +/- 0.110,0.211 +/- 0.386,1.316 +/- 2.134,0.092 +/- 0.074,0.214 +/- 0.110,0.209 +/- 0.378,1.247 +/- 2.165,0.091 +/- 0.108,0.179 +/- 0.089,0.218 +/- 0.388,1.167 +/- 2.106,0.051 +/- 0.027,0.168 +/- 0.097,0.200 +/- 0.390,1.090 +/- 1.827,0.152 +/- 0.211,0.474 +/- 0.932,0.209 +/- 0.389,1.167 +/- 2.114,0.199 +/- 0.291,0.775 +/- 1.397,0.068 +/- 0.052,0.135 +/- 0.102,0.078 +/- 0.070,0.135 +/- 0.100
tl_lgbm,0.074 +/- 0.107,0.086 +/- 0.091,0.067 +/- 0.109,0.074 +/- 0.097,0.082 +/- 0.098,0.112 +/- 0.148,0.041 +/- 0.025,0.074 +/- 0.061,0.088 +/- 0.096,0.121 +/- 0.148,0.077 +/- 0.035,0.089 +/- 0.051,0.087 +/- 0.097,0.124 +/- 0.146,0.067 +/- 0.048,0.054 +/- 0.052,0.071 +/- 0.083,0.108 +/- 0.103,0.050 +/- 0.023,0.077 +/- 0.064,0.080 +/- 0.082,0.098 +/- 0.094,0.084 +/- 0.088,0.096 +/- 0.111,0.057 +/- 0.027,0.093 +/- 0.065,0.042 +/- 0.016,0.070 +/- 0.063,0.068 +/- 0.102,0.094 +/- 0.116,0.080 +/- 0.108,0.077 +/- 0.100,0.069 +/- 0.070,0.085 +/- 0.094
ipsws_l1,-,-,-,-,1.539 +/- 2.800,1.225 +/- 2.271,1.723 +/- 2.943,1.395 +/- 2.429,3.734 +/- 2.382,3.045 +/- 1.977,3.734 +/- 2.382,3.045 +/- 1.977,1.009 +/- 1.037,0.778 +/- 0.888,1.009 +/- 1.037,0.778 +/- 0.888,0.264 +/- 0.351,0.176 +/- 0.251,0.251 +/- 0.358,0.171 +/- 0.254,0.257 +/- 0.344,0.171 +/- 0.247,0.259 +/- 0.342,0.172 +/- 0.246,0.264 +/- 0.351,0.176 +/- 0.251,0.251 +/- 0.358,0.171 +/- 0.254,0.792 +/- 0.814,0.581 +/- 0.631,0.621 +/- 0.766,0.466 +/- 0.592,0.748 +/- 0.776,0.537 +/- 0.607
ipsws_l2,-,-,-,-,0.288 +/- 0.336,0.194 +/- 0.258,0.287 +/- 0.337,0.194 +/- 0.258,0.221 +/- 0.362,0.151 +/- 0.272,0.221 +/- 0.362,0.151 +/- 0.272,0.221 +/- 0.362,0.151 +/- 0.272,0.221 +/- 0.362,0.151 +/- 0.272,0.132 +/- 0.124,0.077 +/- 0.079,0.122 +/- 0.114,0.072 +/- 0.078,0.129 +/- 0.126,0.074 +/- 0.081,0.119 +/- 0.115,0.071 +/- 0.079,0.127 +/- 0.129,0.073 +/- 0.082,0.121 +/- 0.114,0.072 +/- 0.079,0.221 +/- 0.362,0.151 +/- 0.272,0.234 +/- 0.352,0.157 +/- 0.270,0.221 +/- 0.362,0.151 +/- 0.272
ipsws_dt,-,-,-,-,1.567 +/- 2.968,0.896 +/- 0.941,0.588 +/- 0.824,0.276 +/- 0.391,0.665 +/- 0.820,0.810 +/- 0.427,0.549 +/- 0.820,0.155 +/- 0.384,1.410 +/- 2.987,0.688 +/- 0.437,0.555 +/- 0.817,0.214 +/- 0.372,0.737 +/- 0.812,1.006 +/- 0.994,0.551 +/- 0.635,0.820 +/- 1.254,0.742 +/- 0.822,1.478 +/- 1.670,0.615 +/- 0.745,0.763 +/- 1.525,0.821 +/- 1.211,1.805 +/- 2.957,0.633 +/- 0.635,1.017 +/- 1.385,0.491 +/- 0.459,1.301 +/- 1.838,0.799 +/- 1.094,1.674 +/- 2.586,0.941 +/- 1.253,2.118 +/- 3.403
ipsws_rf,-,-,-,-,0.963 +/- 2.675,0.387 +/- 0.433,1.196 +/- 3.280,0.320 +/- 0.551,1.189 +/- 3.282,0.459 +/- 0.613,1.193 +/- 3.281,0.225 +/- 0.573,0.807 +/- 2.138,0.371 +/- 0.430,0.809 +/- 2.137,0.208 +/- 0.302,0.223 +/- 0.465,1.028 +/- 1.576,0.229 +/- 0.303,0.688 +/- 0.947,0.229 +/- 0.344,0.519 +/- 0.573,0.185 +/- 0.290,0.757 +/- 1.232,0.221 +/- 0.466,1.125 +/- 1.661,0.183 +/- 0.284,0.813 +/- 1.282,0.235 +/- 0.478,1.150 +/- 1.636,0.239 +/- 0.541,1.243 +/- 1.746,0.241 +/- 0.541,1.283 +/- 1.735
ipsws_et,-,-,-,-,0.738 +/- 1.582,0.555 +/- 0.485,0.658 +/- 1.602,0.174 +/- 0.163,0.712 +/- 1.594,0.543 +/- 0.466,0.683 +/- 1.596,0.083 +/- 0.083,0.712 +/- 1.594,0.543 +/- 0.466,0.670 +/- 1.600,0.132 +/- 0.124,0.266 +/- 0.285,1.625 +/- 2.678,0.192 +/- 0.262,0.779 +/- 1.032,0.307 +/- 0.337,1.598 +/- 2.558,0.236 +/- 0.319,0.529 +/- 1.184,0.263 +/- 0.262,1.584 +/- 2.658,0.220 +/- 0.315,0.809 +/- 1.259,0.489 +/- 0.976,1.006 +/- 1.257,0.254 +/- 0.345,1.610 +/- 2.642,0.291 +/- 0.379,1.704 +/- 2.711
ipsws_kr,-,-,-,-,1.991 +/- 4.012,1.496 +/- 1.402,2.284 +/- 4.312,1.286 +/- 1.480,4.298 +/- 3.788,2.519 +/- 1.336,4.298 +/- 3.788,2.519 +/- 1.336,1.243 +/- 1.700,1.364 +/- 2.046,1.333 +/- 1.959,0.689 +/- 0.596,0.698 +/- 0.537,2.704 +/- 4.373,0.903 +/- 1.145,1.531 +/- 2.100,0.667 +/- 0.576,2.758 +/- 4.376,0.901 +/- 1.141,1.349 +/- 2.087,0.500 +/- 0.338,2.911 +/- 4.991,0.940 +/- 1.296,1.273 +/- 1.583,1.203 +/- 1.698,1.501 +/- 2.176,0.841 +/- 0.829,2.387 +/- 3.698,0.725 +/- 0.872,2.200 +/- 3.785
ipsws_cb,-,-,-,-,0.719 +/- 1.137,0.350 +/- 0.352,0.666 +/- 1.135,0.161 +/- 0.205,0.749 +/- 1.133,0.229 +/- 0.215,0.751 +/- 1.132,0.206 +/- 0.226,0.749 +/- 1.133,0.229 +/- 0.215,0.751 +/- 1.132,0.206 +/- 0.226,0.224 +/- 0.222,0.372 +/- 0.471,0.264 +/- 0.205,0.142 +/- 0.147,0.262 +/- 0.225,0.412 +/- 0.525,0.255 +/- 0.204,0.082 +/- 0.113,0.195 +/- 0.230,0.397 +/- 0.540,0.239 +/- 0.207,0.149 +/- 0.140,0.572 +/- 0.655,0.492 +/- 0.725,0.280 +/- 0.171,0.446 +/- 0.510,0.236 +/- 0.152,0.441 +/- 0.457
ipsws_lgbm,-,-,-,-,0.119 +/- 0.175,0.094 +/- 0.119,0.201 +/- 0.330,0.153 +/- 0.269,0.224 +/- 0.354,0.169 +/- 0.231,0.210 +/- 0.326,0.162 +/- 0.264,0.224 +/- 0.354,0.169 +/- 0.231,0.198 +/- 0.319,0.130 +/- 0.243,0.110 +/- 0.146,0.121 +/- 0.176,0.139 +/- 0.198,0.086 +/- 0.130,0.102 +/- 0.141,0.126 +/- 0.173,0.132 +/- 0.168,0.106 +/- 0.186,0.109 +/- 0.140,0.126 +/- 0.174,0.140 +/- 0.198,0.087 +/- 0.130,0.191 +/- 0.268,0.107 +/- 0.121,0.152 +/- 0.265,0.110 +/- 0.140,0.161 +/- 0.261,0.100 +/- 0.136
drs_l1,-,-,-,-,1.043 +/- 1.839,2.963 +/- 5.920,0.300 +/- 0.336,0.738 +/- 0.877,1.014 +/- 1.854,2.979 +/- 5.915,0.283 +/- 0.342,0.421 +/- 0.870,0.963 +/- 1.723,2.747 +/- 5.253,0.300 +/- 0.337,0.694 +/- 0.871,0.410 +/- 0.499,1.040 +/- 1.238,0.557 +/- 0.914,1.976 +/- 3.409,0.545 +/- 0.944,1.170 +/- 1.919,0.370 +/- 0.857,1.484 +/- 3.442,0.153 +/- 0.130,0.455 +/- 0.655,0.572 +/- 0.907,1.954 +/- 3.422,0.713 +/- 1.309,2.249 +/- 4.407,0.954 +/- 1.728,2.848 +/- 5.211,0.957 +/- 1.727,2.860 +/- 5.204
drs_l2,-,-,-,-,7569.403 +/- 17760.234,3345.095 +/- 4479.302,8381.503 +/- 17524.641,1503.421 +/- 2773.201,7569.403 +/- 17760.234,3345.095 +/- 4479.302,8381.503 +/- 17524.641,1503.421 +/- 2773.201,7569.403 +/- 17760.234,3345.095 +/- 4479.302,8381.503 +/- 17524.641,1503.421 +/- 2773.201,7569.403 +/- 17760.234,3345.095 +/- 4479.302,8381.503 +/- 17524.641,1503.421 +/- 2773.201,7569.403 +/- 17760.234,3345.095 +/- 4479.302,8381.503 +/- 17524.641,1503.421 +/- 2773.201,7569.403 +/- 17760.234,3345.095 +/- 4479.302,8381.503 +/- 17524.641,1503.421 +/- 2773.201,8381.503 +/- 17524.641,1503.421 +/- 2773.201,8262.521 +/- 17556.522,1349.073 +/- 2809.393,8381.503 +/- 17524.641,1503.421 +/- 2773.201
drs_dt,-,-,-,-,541.001 +/- 1622.578,3272.894 +/- 9817.874,1358.530 +/- 4075.171,0.243 +/- 0.524,540.993 +/- 1622.581,3272.880 +/- 9817.879,1358.523 +/- 4075.173,0.230 +/- 0.529,540.993 +/- 1622.581,3272.881 +/- 9817.878,1358.523 +/- 4075.173,0.230 +/- 0.529,541.001 +/- 1622.578,3272.894 +/- 9817.874,1358.532 +/- 4075.170,0.242 +/- 0.524,541.001 +/- 1622.578,3272.894 +/- 9817.874,1358.532 +/- 4075.170,0.242 +/- 0.524,541.001 +/- 1622.578,3272.894 +/- 9817.874,1358.532 +/- 4075.170,0.242 +/- 0.524,1627.760 +/- 4065.455,269.301 +/- 807.117,1477.609 +/- 4051.062,1877.281 +/- 5631.048,1627.758 +/- 4065.456,269.293 +/- 807.120
dmls_l1,-,-,-,-,1.379 +/- 2.889,0.556 +/- 0.732,1.397 +/- 2.890,0.452 +/- 0.736,1.417 +/- 2.894,0.508 +/- 0.765,1.382 +/- 2.904,0.451 +/- 0.737,1.417 +/- 2.894,0.508 +/- 0.765,1.382 +/- 2.904,0.451 +/- 0.737,0.862 +/- 1.720,0.238 +/- 0.255,0.922 +/- 1.713,0.176 +/- 0.256,0.920 +/- 1.729,0.312 +/- 0.459,0.877 +/- 1.721,0.109 +/- 0.105,0.862 +/- 1.720,0.238 +/- 0.255,0.907 +/- 1.719,0.158 +/- 0.250,1.261 +/- 2.678,0.475 +/- 0.685,1.244 +/- 2.684,0.485 +/- 0.668,1.317 +/- 2.911,0.510 +/- 0.716
dmls_l2,-,-,-,-,0.026 +/- 0.028,0.046 +/- 0.044,0.039 +/- 0.051,0.013 +/- 0.020,0.046 +/- 0.073,0.039 +/- 0.041,0.057 +/- 0.084,0.013 +/- 0.016,0.046 +/- 0.073,0.039 +/- 0.041,0.050 +/- 0.084,0.009 +/- 0.011,0.028 +/- 0.024,0.035 +/- 0.025,0.031 +/- 0.050,0.013 +/- 0.020,0.027 +/- 0.025,0.030 +/- 0.028,0.051 +/- 0.073,0.016 +/- 0.020,0.013 +/- 0.017,0.023 +/- 0.023,0.032 +/- 0.051,0.014 +/- 0.020,0.029 +/- 0.055,0.023 +/- 0.024,0.029 +/- 0.055,0.020 +/- 0.026,0.029 +/- 0.055,0.018 +/- 0.020
dmls_dt,-,-,-,-,1.528 +/- 2.537,0.880 +/- 0.806,1.590 +/- 2.366,1.034 +/- 1.220,2.072 +/- 2.203,0.930 +/- 1.260,2.171 +/- 2.186,0.975 +/- 1.258,1.036 +/- 0.924,0.912 +/- 1.431,1.411 +/- 1.671,0.646 +/- 0.694,0.616 +/- 0.609,1.266 +/- 1.913,0.845 +/- 1.088,1.032 +/- 1.318,0.672 +/- 0.663,1.166 +/- 1.547,0.984 +/- 0.960,1.083 +/- 1.341,0.576 +/- 0.625,1.212 +/- 1.923,0.859 +/- 1.090,1.083 +/- 1.307,1.488 +/- 1.760,1.171 +/- 1.657,0.713 +/- 0.635,1.059 +/- 1.588,0.633 +/- 0.643,1.110 +/- 1.564
xl_l1,-,-,-,-,0.355 +/- 0.469,1.991 +/- 3.567,0.278 +/- 0.431,0.524 +/- 0.521,0.306 +/- 0.494,2.003 +/- 3.547,0.298 +/- 0.427,0.230 +/- 0.494,0.306 +/- 0.494,2.003 +/- 3.547,0.302 +/- 0.445,0.596 +/- 0.586,0.454 +/- 0.890,2.911 +/- 5.285,0.309 +/- 0.449,1.574 +/- 2.728,0.455 +/- 0.892,2.988 +/- 5.282,0.330 +/- 0.480,1.864 +/- 3.572,0.423 +/- 0.899,2.821 +/- 5.035,0.309 +/- 0.449,1.574 +/- 2.728,0.238 +/- 0.412,2.223 +/- 4.138,0.345 +/- 0.753,2.987 +/- 5.157,0.343 +/- 0.754,2.988 +/- 5.157
xl_l2,-,-,-,-,0.187 +/- 0.362,0.124 +/- 0.166,0.156 +/- 0.370,0.000 +/- 0.000,0.159 +/- 0.372,0.215 +/- 0.288,0.149 +/- 0.372,0.016 +/- 0.048,0.159 +/- 0.372,0.215 +/- 0.288,0.156 +/- 0.370,0.000 +/- 0.000,0.129 +/- 0.157,0.784 +/- 1.088,0.156 +/- 0.370,0.000 +/- 0.000,0.130 +/- 0.158,0.796 +/- 1.077,0.156 +/- 0.370,0.000 +/- 0.000,0.104 +/- 0.160,0.717 +/- 0.987,0.156 +/- 0.370,0.000 +/- 0.000,0.142 +/- 0.374,0.065 +/- 0.142,0.062 +/- 0.082,0.513 +/- 0.990,0.088 +/- 0.127,0.659 +/- 0.985
xl_dt,-,-,-,-,1.283 +/- 2.262,2.079 +/- 4.162,0.649 +/- 0.539,0.126 +/- 0.162,1.250 +/- 1.698,1.818 +/- 3.247,0.637 +/- 0.543,0.172 +/- 0.168,1.074 +/- 1.183,1.405 +/- 2.029,0.673 +/- 0.553,0.207 +/- 0.238,0.640 +/- 0.559,0.782 +/- 0.789,0.575 +/- 0.432,0.492 +/- 0.592,0.765 +/- 0.686,0.805 +/- 0.941,0.605 +/- 0.418,0.309 +/- 0.439,0.603 +/- 0.569,0.800 +/- 0.770,0.934 +/- 1.384,0.586 +/- 1.241,0.731 +/- 0.562,0.767 +/- 0.992,0.709 +/- 0.567,0.840 +/- 0.962,1.015 +/- 1.374,1.123 +/- 1.574
cf,-,-,-,-,0.105 +/- 0.201,0.232 +/- 0.612,0.095 +/- 0.194,0.613 +/- 1.120,0.053 +/- 0.076,0.089 +/- 0.104,0.101 +/- 0.193,0.658 +/- 1.103,0.053 +/- 0.076,0.089 +/- 0.104,0.093 +/- 0.192,0.590 +/- 1.131,0.031 +/- 0.056,0.230 +/- 0.568,0.029 +/- 0.031,0.305 +/- 0.793,0.080 +/- 0.142,0.161 +/- 0.376,0.074 +/- 0.130,0.255 +/- 0.354,0.041 +/- 0.083,0.130 +/- 0.246,0.029 +/- 0.042,0.041 +/- 0.040,0.040 +/- 0.078,0.010 +/- 0.009,0.042 +/- 0.078,0.006 +/- 0.005,0.041 +/- 0.078,0.007 +/- 0.007
sl_mlp,0.382 +/- 0.352,0.139 +/- 0.112,0.382 +/- 0.352,0.139 +/- 0.112,1.060 +/- 2.357,2.154 +/- 4.167,0.658 +/- 1.154,2.605 +/- 5.425,2.454 +/- 1.085,4.272 +/- 4.654,2.560 +/- 0.890,4.329 +/- 4.679,1.611 +/- 1.312,2.146 +/- 2.296,1.425 +/- 1.669,2.808 +/- 4.508,0.161 +/- 0.177,0.342 +/- 0.619,1.814 +/- 4.723,2.452 +/- 5.966,0.208 +/- 0.175,0.380 +/- 0.602,1.817 +/- 4.721,2.568 +/- 5.961,0.214 +/- 0.282,0.318 +/- 0.436,1.815 +/- 4.723,2.458 +/- 5.964,2.312 +/- 4.567,2.778 +/- 5.820,0.239 +/- 0.205,0.307 +/- 0.344,0.568 +/- 0.403,0.420 +/- 0.294
tl_mlp,0.221 +/- 0.229,0.253 +/- 0.128,0.198 +/- 0.143,0.227 +/- 0.152,0.289 +/- 0.425,0.878 +/- 0.731,0.306 +/- 0.220,1.500 +/- 2.442,0.555 +/- 0.443,0.860 +/- 0.753,0.459 +/- 0.276,1.723 +/- 2.323,0.567 +/- 0.438,0.867 +/- 0.748,0.481 +/- 0.216,1.567 +/- 2.414,0.202 +/- 0.125,0.654 +/- 0.467,0.218 +/- 0.167,1.341 +/- 2.220,0.143 +/- 0.093,0.725 +/- 0.439,0.285 +/- 0.143,1.440 +/- 1.995,0.172 +/- 0.167,0.891 +/- 1.077,0.289 +/- 0.204,1.472 +/- 2.232,0.471 +/- 0.255,1.244 +/- 1.688,0.507 +/- 0.624,0.758 +/- 0.957,0.396 +/- 0.343,0.673 +/- 0.844
